scenario,replication,seed,admission_rate,rejection_rate,avg_wait_hours,avg_machine_utilization,peak_queue_length,pct_time_queue_full,pct_time_under_pressure,avg_cycle_time_hours,rejection_rate_low_priority,rejection_rate_medium_priority,rejection_rate_high_priority,scrap_rate,avg_machine_downtime_fraction,n_jobs
base,0,811612985,0.9481481481481482,0.13209876543209875,0.14124900133643173,0.5889130434782608,7,0.0,0.12391304347826088,3.8006232195992737,0.1257606490872211,0.11075441412520064,0.16468253968253968,0.07839506172839507,0.014021739130434783,1620
base,1,331667467,0.9494139420111043,0.1307834669956817,0.14997130690317872,0.605108695652174,6,0.0,0.15108695652173912,3.9700107018416717,0.13704496788008566,0.11993769470404984,0.138671875,0.07464528069093153,0.01608695652173913,1621
base,2,2098544484,0.9534005037783375,0.13350125944584382,0.10816399541870884,0.5841304347826086,6,0.0,0.10869565217391304,3.813060080956805,0.13737373737373737,0.11937984496124031,0.14955357142857142,0.07682619647355164,0.015217391304347827,1588
base,3,1618598966,0.9547218628719275,0.13065976714100905,0.1129752098678551,0.5719565217391305,6,0.0,0.10869565217391304,3.8394326262545784,0.1419491525423729,0.11726384364820847,0.13695652173913042,0.07438551099611902,0.01641304347826087,1546
base,4,1237992335,0.9573791348600509,0.13740458015267176,0.08708586288457075,0.576195652173913,6,0.0,0.10434782608695652,3.6872011245507688,0.12217194570135746,0.13444108761329304,0.15598290598290598,0.08078880407124682,0.021521739130434783,1572
base,5,758046817,0.9457647775746496,0.125533211456429,0.1508048735511911,0.59,7,0.0,0.13695652173913042,3.8418339973116415,0.10887096774193548,0.12558139534883722,0.142,0.06642291285801341,0.013369565217391305,1641
base,6,377440186,0.9543464665415885,0.11131957473420888,0.1086809332091899,0.5714130434782609,6,0.0,0.11195652173913044,3.7023893012401765,0.11300639658848614,0.11044776119402985,0.1108695652173913,0.060662914321450906,0.012934782608695652,1599
base,7,2144317203,0.953714981729598,0.12545676004872108,0.11714939868542341,0.5985869565217392,6,0.0,0.11956521739130435,3.799524558031015,0.1172962226640159,0.11297709923664122,0.15082644628099173,0.0712545676004872,0.015869565217391305,1642
base,8,1664371685,0.9415094339622642,0.1459119496855346,0.1589483682094797,0.5890217391304349,8,0.0010869565217391304,0.14456521739130435,3.967433547406327,0.15176715176715178,0.10849056603773585,0.19027484143763213,0.08364779874213836,0.015217391304347827,1590
base,9,1283765054,0.9660804020100503,0.11369346733668342,0.12908448536901931,0.5747826086956522,5,0.0,0.12282608695652174,3.7520232009364642,0.10537190082644628,0.11201298701298701,0.12398373983739837,0.07097989949748744,0.014891304347826087,1592
base,10,803819536,0.9341389728096676,0.15045317220543808,0.16519873994398976,0.5953260869565218,7,0.0,0.14565217391304347,3.873329847915418,0.13592233009708737,0.13803230543318648,0.18518518518518517,0.07613293051359517,0.020326086956521737,1655
base,11,423212905,0.9261465157832043,0.14413341274568195,0.19545631073223774,0.6167391304347827,7,0.0,0.1673913043478261,3.997291520650403,0.12065439672801637,0.15417867435158503,0.1532258064516129,0.06075044669446099,0.016956521739130433,1679
base,12,2090751035,0.9639468690702088,0.11511701454775458,0.09658987797933465,0.5818478260869565,5,0.0,0.10326086956521739,3.753691241784824,0.1079913606911447,0.12710566615620214,0.1053763440860215,0.07210626185958255,0.017499999999999998,1581
base,13,1710144404,0.948134092346616,0.12966476913345984,0.13449643978811096,0.5729347826086957,6,0.0,0.12717391304347825,3.8571904314568592,0.1091703056768559,0.1448382126348228,0.12869198312236288,0.07463630613535736,0.01423913043478261,1581
base,14,1329537773,0.964,0.12466666666666666,0.09068414567902593,0.5653260869565218,7,0.0,0.0967391304347826,3.7954859395851064,0.10514541387024609,0.1433389544688027,0.11956521739130435,0.08,0.017717391304347827,1500
base,15,849592255,0.9561952440550688,0.12891113892365458,0.0972810009646178,0.5741304347826087,6,0.0,0.0967391304347826,3.706376168591972,0.12076271186440678,0.13719512195121952,0.125531914893617,0.07759699624530664,0.013369565217391305,1598
base,16,468985624,0.9571984435797666,0.12127107652399481,0.09147026377668849,0.5583695652173913,4,0.0,0.1,3.760937436816168,0.10256410256410256,0.1152,0.14549180327868852,0.07457846952010376,0.013369565217391305,1542
base,17,2136523754,0.9538165490699166,0.12187299550994227,0.14117096026126996,0.5734782608695652,7,0.0,0.12065217391304348,3.8458081873918624,0.1279826464208243,0.10260586319218241,0.14049586776859505,0.06414368184733804,0.017608695652173913,1559
base,18,1755917123,0.9501891551071879,0.12168978562421186,0.1405781013041538,0.5908695652173913,7,0.0,0.11521739130434783,3.9315714936965485,0.12311015118790497,0.13479623824451412,0.10309278350515463,0.06431273644388398,0.020326086956521737,1586
base,19,1375310492,0.9561290322580646,0.11612903225806452,0.10259518287327307,0.5798913043478261,6,0.0,0.11630434782608695,3.8742420853431305,0.1091314031180401,0.11235955056179775,0.12761506276150628,0.06387096774193549,0.012282608695652173,1550
base,20,895364974,0.959748427672956,0.12515723270440252,0.10305272451623956,0.5778260869565217,5,0.0,0.10978260869565218,3.7424789583863647,0.1168032786885246,0.11201298701298701,0.15020576131687244,0.0779874213836478,0.015869565217391305,1590
base,21,514758343,0.9400123685837971,0.150278293135436,0.1518764127993569,0.5822826086956522,8,0.0010869565217391304,0.14565217391304347,3.805696908749257,0.11904761904761904,0.1674565560821485,0.16041666666666668,0.08163265306122448,0.014891304347826087,1617
base,22,34812825,0.9497206703910615,0.12538795779019243,0.11149372481715855,0.5959782608695652,6,0.0,0.11304347826086956,3.8325080422501547,0.12422360248447205,0.125193199381762,0.12681912681912683,0.06641837368094351,0.016195652173913045,1611
base,23,1801689842,0.9403810694529809,0.13583282114320835,0.16726190191412635,0.5946739130434783,7,0.0,0.14891304347826087,3.9626198730912403,0.1078838174273859,0.14912280701754385,0.14533622559652928,0.06883835279655809,0.017934782608695653,1627
base,24,1321744324,0.9570217917675545,0.11864406779661017,0.14295407968624416,0.6145652173913044,6,0.0,0.14021739130434782,3.89643491211994,0.11596958174904944,0.09650582362728785,0.14666666666666667,0.0635593220338983,0.01717391304347826,1652
base,25,941137693,0.960809928151535,0.116263879817113,0.11476012652756304,0.5610869565217392,8,0.0010869565217391304,0.10869565217391304,3.8169545335269492,0.12280701754385964,0.1185064935064935,0.10675381263616558,0.07119529719137818,0.014782608695652174,1531
base,26,560531062,0.9600760456273765,0.1185044359949303,0.10020686068770035,0.5968478260869565,7,0.0,0.10869565217391304,3.89532632633109,0.12424849699398798,0.10851419031719532,0.125,0.07034220532319392,0.01717391304347826,1578
base,27,80585544,0.9275103980986333,0.14913844325609033,0.16608109964429071,0.6195652173913043,7,0.0,0.16521739130434782,3.9774264323632553,0.1536926147704591,0.14469914040114612,0.15082644628099173,0.0689245395127748,0.01641304347826087,1683
base,28,1847462561,0.948019801980198,0.12995049504950495,0.14214980206920588,0.5878260869565218,8,0.0010869565217391304,0.13260869565217392,3.8351035857293954,0.114,0.12217194570135746,0.15894039735099338,0.0724009900990099,0.017934782608695653,1616
base,29,1367517043,0.9614890885750963,0.11489088575096278,0.09327785873696,0.5817391304347826,8,0.0010869565217391304,0.09782608695652174,3.863391766321156,0.100418410041841,0.10301109350237718,0.14699331848552338,0.0693196405648267,0.012391304347826088,1558
capacity,0,291430200,0.9952324195470799,0.08522050059594756,0.013642430358543416,0.48628762541806025,5,0.0,0.017391304347826087,3.647751810994242,0.08253358925143954,0.07275541795665634,0.10371819960861056,0.07270560190703218,0.01722408026755853,1678
capacity,1,1958968330,0.9865278628291488,0.08450704225352113,0.0248544053023069,0.4833612040133779,5,0.0,0.03260869565217391,3.7802600033906346,0.0649895178197065,0.09119010819165378,0.09430255402750491,0.06368646662584201,0.013963210702341137,1633
capacity,2,1578361699,0.9993446920052425,0.09305373525557012,0.0065456225250596755,0.4525083612040134,3,0.0,0.006521739130434782,3.6882615755346375,0.09956709956709957,0.08427876823338736,0.09843400447427293,0.08125819134993446,0.01730769230769231,1526
capacity,3,1197755068,0.994234465086483,0.08968609865470852,0.013545938718260464,0.46546822742474925,3,0.0,0.015217391304347827,3.743071445722273,0.08438818565400844,0.10561056105610561,0.07484407484407485,0.07495195387572069,0.0181438127090301,1561
capacity,4,717809550,0.9867389993972272,0.08921036769138035,0.02651915044588029,0.48553511705685626,5,0.0,0.03260869565217391,3.7288421929268076,0.09560229445506692,0.08832807570977919,0.08366533864541832,0.06751054852320675,0.018812709030100336,1659
capacity,5,337202919,0.9974506054811982,0.07265774378585087,0.009681408127335462,0.4569397993311036,2,0.0,0.015217391304347827,3.6494034639796555,0.059447983014861996,0.08074534161490683,0.07488986784140969,0.06246016571064372,0.015551839464882942,1569
capacity,6,2004741049,0.9949238578680203,0.09708121827411167,0.01504407614743141,0.4744147157190635,5,0.0,0.017391304347826087,3.7681145449089524,0.09401709401709402,0.09984639016897082,0.0962800875273523,0.08629441624365482,0.017642140468227426,1576
capacity,7,1624134418,0.9948018193632229,0.08317089018843404,0.021398232183554824,0.4581939799331104,4,0.0,0.01956521739130435,3.752483496235425,0.08634538152610442,0.07885906040268456,0.0853932584269663,0.0714749837556855,0.013628762541806021,1539
capacity,8,1144188900,0.9943217665615142,0.09211356466876972,0.016619272646220488,0.47282608695652173,5,0.0,0.02282608695652174,3.7365340964711597,0.10082304526748971,0.0770440251572327,0.10367170626349892,0.07823343848580441,0.016220735785953178,1585
capacity,9,763582269,0.992948717948718,0.09487179487179487,0.012802452015568974,0.455685618729097,2,0.0,0.014130434782608696,3.666109882173471,0.061052631578947365,0.11056910569105691,0.10851063829787234,0.0782051282051282,0.015468227424749164,1560
capacity,10,382975638,0.9935525467440361,0.09219858156028368,0.016234540036727047,0.473494983277592,4,0.0,0.014130434782608696,3.859077552645044,0.10633946830265849,0.07537688442211055,0.0989247311827957,0.07736943907156674,0.017725752508361205,1551
capacity,11,2050513768,0.9934013197360528,0.09358128374325135,0.0266749539975708,0.48887959866220737,6,0.0,0.02717391304347826,3.669937312706545,0.08893709327548807,0.0884450784593438,0.10495049504950495,0.07978404319136173,0.014548494983277592,1667
capacity,12,1669907137,0.9903100775193798,0.10012919896640828,0.01678718891227286,0.4656354515050167,4,0.0,0.016304347826086956,3.7668685705557676,0.09937888198757763,0.10784313725490197,0.09050772626931568,0.07751937984496124,0.01697324414715719,1548
capacity,13,1189961619,0.9884428223844283,0.1070559610705596,0.03456353070249689,0.49899665551839467,5,0.0,0.02608695652173913,3.8321871259472027,0.10429447852760736,0.11022364217252396,0.10586011342155009,0.08211678832116788,0.018979933110367893,1644
capacity,14,809354988,0.9943109987357776,0.08723135271807839,0.026480703626708707,0.4739130434782609,4,0.0,0.025,3.8054655395839543,0.08704453441295547,0.08469055374592833,0.09071729957805907,0.07395701643489254,0.01488294314381271,1582
capacity,15,329409470,0.9941634241245136,0.08106355382619974,0.012400452779195313,0.4617056856187291,3,0.0,0.011956521739130435,3.7542906427496354,0.07407407407407407,0.07628524046434494,0.09375,0.06874189364461739,0.017725752508361205,1542
capacity,16,2096286487,0.9941291585127201,0.091324200913242,0.008959100943717215,0.46061872909699003,3,0.0,0.014130434782608696,3.7421757323470803,0.0896551724137931,0.09394904458598727,0.08936170212765958,0.07958251793868232,0.016722408026755852,1533
capacity,17,1715679856,0.9919802590993214,0.09685379395434916,0.022531487397828055,0.4765050167224081,5,0.0,0.01956521739130435,3.6962898137773323,0.10412573673870335,0.09175738724727839,0.09594882729211088,0.08019740900678593,0.018729096989966557,1621
capacity,18,1235734338,0.9980682549903412,0.08113329040566646,0.01692045027472748,0.4610367892976589,4,0.0,0.021739130434782608,3.7164753464001925,0.09221311475409837,0.06239737274220033,0.09429824561403509,0.07662588538312942,0.016053511705685617,1553
capacity,19,855127707,0.9944683466502766,0.08174554394591273,0.023243662398788324,0.4903010033444815,4,0.0,0.03369565217391304,3.797033499170687,0.07010309278350516,0.10119047619047619,0.06595744680851064,0.07068223724646588,0.02048494983277592,1627
capacity,20,375182189,0.9898798228969007,0.08222643896268185,0.02568970268330266,0.46847826086956523,4,0.0,0.02826086956521739,3.7868302328822154,0.08316008316008316,0.07606973058637084,0.08955223880597014,0.06008855154965212,0.0161371237458194,1581
capacity,21,2142059206,0.9949558638083228,0.09962168978562422,0.020716758826711288,0.4744983277591973,6,0.0,0.016304347826086956,3.7442544341023285,0.10212765957446808,0.0985691573926868,0.09856262833675565,0.08701134930643127,0.01705685618729097,1586
capacity,22,1761452575,0.9950647748303516,0.08698334361505243,0.010943329531549544,0.46697324414715724,4,0.0,0.011956521739130435,3.6235042610797104,0.1075050709939148,0.07836990595611286,0.07755102040816327,0.07587908698334361,0.014548494983277592,1621
capacity,23,1281507057,0.9948287007110537,0.08468002585649645,0.010015571039366176,0.45685618729096994,2,0.0,0.009782608695652175,3.6660046386174905,0.08391608391608392,0.09819967266775777,0.06903353057199212,0.07433742727860375,0.015217391304347825,1547
capacity,24,900900426,0.9961685823754789,0.09578544061302682,0.015912874116472936,0.471989966555184,3,0.0,0.01956521739130435,3.794010682629521,0.09051724137931035,0.09819967266775777,0.09775967413441955,0.08620689655172414,0.015384615384615385,1566
capacity,25,420954908,0.9907292954264524,0.09394313967861558,0.03221608215108876,0.48043478260869565,7,0.0,0.02826086956521739,3.7525533690550765,0.08779443254817987,0.10814814814814815,0.07983193277310924,0.07787391841779975,0.016387959866220735,1618
capacity,26,40348277,0.9897218863361548,0.08706166868198308,0.02183483462753733,0.4831939799331104,6,0.0,0.029347826086956522,3.6860472008342233,0.08113207547169811,0.08385093167701864,0.09791666666666667,0.06892382103990327,0.015384615384615385,1654
capacity,27,1707886407,0.9938461538461538,0.08738461538461538,0.021397722289157067,0.4757525083612039,3,0.0,0.02391304347826087,3.674363417138959,0.09979633401221996,0.0791476407914764,0.0859538784067086,0.07323076923076922,0.01588628762541806,1625
capacity,28,1327279776,0.993073047858942,0.0906801007556675,0.016579068813693934,0.47550167224080264,3,0.0,0.01956521739130435,3.744531741296204,0.07939914163090128,0.0859375,0.1078838174273859,0.07997481108312343,0.01596989966555184,1588
capacity,29,946673145,0.9858635525507068,0.10510141364474493,0.03783352163320203,0.48478260869565215,5,0.0,0.0391304347826087,3.806195243973384,0.1059322033898305,0.10030864197530864,0.11045364891518737,0.0842040565457898,0.014297658862876254,1627
policy_priority,0,1799626904,0.9637865311308768,0.1207115628970775,0.12532897733133017,0.5947826086956521,6,0.0,0.12282608695652174,3.886164252127538,0.11847389558232932,0.12459016393442623,0.11802575107296137,0.07306226175349428,0.018586956521739133,1574
policy_priority,1,1419020273,0.953646477132262,0.1291718170580964,0.1214856882124094,0.5807608695652173,6,0.0,0.13043478260869565,3.7656382965350605,0.13900414937759337,0.12951807228915663,0.11864406779661017,0.07601977750309023,0.016304347826086956,1618
policy_priority,2,939074755,0.943558282208589,0.1325153374233129,0.146954873159204,0.5890217391304348,8,0.0010869565217391304,0.14456521739130435,3.7935313900789533,0.16170212765957448,0.14592933947772657,0.08840864440078586,0.0687116564417178,0.014673913043478263,1630
policy_priority,3,558468124,0.9477000630119723,0.1266540642722117,0.12815680718422645,0.5965217391304347,6,0.0,0.12717391304347825,3.9068600261425908,0.15315315315315314,0.1187683284457478,0.11279826464208242,0.06868304977945809,0.018804347826086955,1587
policy_priority,4,78522606,0.9589127686472819,0.1264222503160556,0.08968363762759088,0.5705434782608695,5,0.0,0.09782608695652174,3.693242255261504,0.11038961038961038,0.1332263242375602,0.13279678068410464,0.0777496839443742,0.015543478260869565,1582
policy_priority,5,1845399623,0.9585760517799353,0.1203883495145631,0.12298022778118557,0.5776086956521739,8,0.0010869565217391304,0.11304347826086956,3.8859370583257613,0.1191588785046729,0.11507293354943274,0.128,0.07572815533980583,0.017282608695652173,1545
policy_priority,6,1365454105,0.9560509554140127,0.11528662420382166,0.10774316587663421,0.5879347826086958,5,0.0,0.11413043478260869,3.8937957396981635,0.12780269058295965,0.12950819672131147,0.08754863813229571,0.06624203821656051,0.01608695652173913,1570
policy_priority,7,984847474,0.9563543003851092,0.13093709884467267,0.11730568147851325,0.5645652173913045,6,0.0,0.11630434782608695,3.7886021917773425,0.12307692307692308,0.12379421221864952,0.14760914760914762,0.08279845956354301,0.011956521739130435,1558
policy_priority,8,604240843,0.9490245437382001,0.1277533039647577,0.12201306681501915,0.5853260869565218,6,0.0,0.11739130434782609,3.8692989071318045,0.12184873949579832,0.12643678160919541,0.1349206349206349,0.06796727501573317,0.015,1589
policy_priority,9,124295325,0.9230313795145056,0.15808170515097691,0.22940680293179472,0.6247826086956522,8,0.0010869565217391304,0.20543478260869566,4.092743170517016,0.1610337972166998,0.17877906976744187,0.12650602409638553,0.07282415630550622,0.016195652173913045,1689
policy_priority,10,1891172342,0.9536553524804178,0.11945169712793734,0.13838664353165783,0.5701086956521739,8,0.002173913043478261,0.11847826086956521,3.895017921047745,0.1457905544147844,0.10430463576158941,0.1111111111111111,0.0685378590078329,0.014130434782608694,1532
policy_priority,11,1411226824,0.9465601965601965,0.13206388206388206,0.11341075308555208,0.5946739130434782,7,0.0,0.12717391304347825,3.8095911082116327,0.13535353535353536,0.13050314465408805,0.13078470824949698,0.07248157248157248,0.017282608695652173,1628
policy_priority,12,1030620193,0.9469413233458177,0.1348314606741573,0.14428957573877782,0.5908695652173913,7,0.0,0.13152173913043477,3.9182830145881717,0.15317286652078774,0.13444108761329304,0.11801242236024845,0.07365792759051186,0.02108695652173913,1602
policy_priority,13,550674675,0.953939393939394,0.12242424242424242,0.14526676933210164,0.5927173913043478,8,0.0010869565217391304,0.14130434782608695,3.7447181680906483,0.13987473903966596,0.12354651162790697,0.10351966873706005,0.06909090909090909,0.012608695652173912,1650
policy_priority,14,170068044,0.9347305389221557,0.14131736526946106,0.15130733757172155,0.5960869565217392,8,0.0010869565217391304,0.14891304347826087,3.8252187248587886,0.16194331983805668,0.1328358208955224,0.1324110671936759,0.06706586826347305,0.01956521739130435,1670
policy_priority,15,1936945061,0.9601029601029601,0.11003861003861004,0.09860838814640413,0.5772826086956521,6,0.0,0.0967391304347826,3.808418658244565,0.1416490486257928,0.0946843853820598,0.09812108559498957,0.059202059202059204,0.01891304347826087,1554
policy_priority,16,1456999543,0.9498164014687882,0.12423500611995104,0.14669874774913808,0.5978260869565217,8,0.0010869565217391304,0.14456521739130435,3.8644690279332874,0.13137254901960785,0.12214983713355049,0.11960784313725491,0.07099143206854346,0.015,1634
policy_priority,17,1076392912,0.9657577679137603,0.11857958148383006,0.15030459846111419,0.582391304347826,7,0.0,0.12173913043478261,3.833313941337,0.1301518438177874,0.11463046757164404,0.11258278145695365,0.07989854153455929,0.013804347826086957,1577
policy_priority,18,596447394,0.9498792270531401,0.1358695652173913,0.13722369357688016,0.6085869565217392,8,0.0010869565217391304,0.1391304347826087,3.9043898304322977,0.16568047337278108,0.12538699690402477,0.11928429423459244,0.07669082125603864,0.01608695652173913,1656
policy_priority,19,215840763,0.944954128440367,0.13333333333333333,0.1344562223710361,0.6033695652173914,7,0.0,0.13804347826086957,3.868121545311116,0.14583333333333334,0.14421553090332806,0.10504201680672269,0.0709480122324159,0.017608695652173913,1635
policy_priority,20,1883378893,0.9627054361567636,0.13147914032869784,0.10954663676613768,0.5760869565217391,7,0.0,0.12065217391304348,3.779349276257141,0.14376321353065538,0.13444108761329304,0.11409395973154363,0.08533501896333755,0.01684782608695652,1582
policy_priority,21,1502772262,0.9470802919708029,0.12469586374695864,0.10892147853808858,0.5879347826086956,7,0.0,0.11956521739130435,3.7606274357871583,0.1324110671936759,0.11248073959938366,0.1329243353783231,0.06326034063260341,0.017826086956521738,1644
policy_priority,22,1122165631,0.9392764857881137,0.13953488372093023,0.12645505164616655,0.5632608695652175,8,0.0010869565217391304,0.1282608695652174,3.8849539309087757,0.1284796573875803,0.15112540192926044,0.13507625272331156,0.07364341085271318,0.013260869565217392,1548
policy_priority,23,642220113,0.9641672196416722,0.1154611811546118,0.08837683068738597,0.5523913043478261,7,0.0,0.09130434782608696,3.763218504607986,0.1141439205955335,0.12752721617418353,0.09978308026030369,0.0743198407431984,0.01608695652173913,1507
policy_priority,24,261613482,0.9528061224489796,0.11989795918367346,0.09556751023493092,0.5834782608695651,6,0.0,0.10217391304347827,3.89058657826812,0.12577319587628866,0.12337662337662338,0.10920770877944326,0.06823979591836735,0.017499999999999998,1568
policy_priority,25,1929151612,0.960594315245478,0.12209302325581395,0.09304740434540382,0.5767391304347826,4,0.0,0.0967391304347826,3.8321692312264486,0.1282051282051282,0.12396694214876033,0.11368421052631579,0.0755813953488372,0.014782608695652174,1548
policy_priority,26,1548544981,0.9585459183673469,0.1288265306122449,0.11169663340829035,0.581086956521739,6,0.0,0.10869565217391304,3.848834353051894,0.1312127236580517,0.13099041533546327,0.12300683371298406,0.0778061224489796,0.014891304347826087,1568
policy_priority,27,1167938350,0.9585427135678392,0.1306532663316583,0.11293283114853915,0.5864130434782608,5,0.0,0.125,3.8215010417827173,0.12179487179487179,0.13672496025437203,0.13131313131313133,0.0835427135678392,0.014456521739130434,1592
policy_priority,28,687992832,0.9418742586002372,0.14472123368920523,0.17288017510149747,0.6222826086956522,7,0.0,0.16304347826086957,3.9242024606714003,0.14314115308151093,0.13602391629297458,0.1575875486381323,0.07769869513641756,0.014130434782608694,1686
policy_priority,29,307386201,0.9593094944512947,0.13501849568434032,0.12076275734637343,0.5915217391304348,7,0.0,0.12391304347826088,3.76344093178966,0.12629399585921325,0.1344,0.14396887159533073,0.08508014796547472,0.014021739130434783,1622
demand_surge,0,499012288,0.8791848617176128,0.195536147501213,0.3281050446139205,0.6825000000000001,8,0.002173913043478261,0.3010869565217391,3.965675963392616,0.15599343185550082,0.21691176470588236,0.2059748427672956,0.06841339155749636,0.012717391304347824,2061
demand_surge,1,118405657,0.8799399699849925,0.18659329664832416,0.34414953586932845,0.6935869565217392,8,0.003260869565217391,0.32717391304347826,4.1412622143117375,0.15217391304347827,0.1927860696517413,0.208398133748056,0.064032016008004,0.017934782608695653,1999
demand_surge,2,1785943787,0.8918387413962635,0.18584070796460178,0.32837117389063475,0.7010869565217391,8,0.002173913043478261,0.3076086956521739,4.071575535289843,0.14768683274021352,0.18514150943396226,0.22115384615384615,0.07374631268436578,0.015217391304347827,2034
demand_surge,3,1405337156,0.8899755501222494,0.18288508557457211,0.31090122403534337,0.6919565217391304,8,0.002173913043478261,0.3065217391304348,3.969988226229133,0.1681260945709282,0.1774580335731415,0.203125,0.06454767726161369,0.01673913043478261,2045
demand_surge,4,1024730525,0.8758984187829421,0.19118351701006228,0.29864673349219806,0.6869565217391305,8,0.003260869565217391,0.29456521739130437,3.935704473148409,0.17179902755267423,0.18491484184914841,0.2175925925925926,0.06085289889793963,0.014891304347826087,2087
demand_surge,5,544785007,0.8965,0.173,0.330312411658899,0.6897826086956522,8,0.007608695652173913,0.3076086956521739,4.04773703261914,0.16013628620102216,0.1728395061728395,0.1857379767827529,0.062,0.01423913043478261,2000
demand_surge,6,164178376,0.8780727630285152,0.1902654867256637,0.3026754595639528,0.6804347826086956,8,0.002173913043478261,0.28804347826086957,3.965804251462441,0.1377049180327869,0.21517412935323382,0.20967741935483872,0.06047197640117994,0.018369565217391304,2034
demand_surge,7,1831716506,0.8804294777940459,0.19326500732064422,0.34700224184998374,0.6915217391304347,8,0.005434782608695652,0.31630434782608696,4.053831618686721,0.19444444444444445,0.17028985507246377,0.2233169129720854,0.06637384089799903,0.015434782608695652,2049
demand_surge,8,1451109875,0.8887785501489573,0.18570009930486595,0.2767409625575343,0.6807608695652173,8,0.0010869565217391304,0.26956521739130435,3.947027221344192,0.17035775127768313,0.1753958587088916,0.2145214521452145,0.06554121151936444,0.018369565217391304,2014
demand_surge,9,1070503244,0.8702252693437806,0.21302644466209597,0.35108848760662176,0.686304347826087,8,0.002173913043478261,0.3239130434782609,4.071647320732314,0.1875,0.19312796208530805,0.2700348432055749,0.07247796278158668,0.018369565217391304,2042
demand_surge,10,590557726,0.8715192965315095,0.205666829506595,0.3617468707069547,0.6955434782608697,7,0.0,0.33804347826086956,4.107726816453967,0.18935837245696402,0.18688118811881188,0.24833333333333332,0.07083536883243771,0.018369565217391304,2047
demand_surge,11,209951095,0.8703976435935199,0.20029455081001474,0.31722920389700526,0.6948913043478261,8,0.004347826086956522,0.3,4.132835312275071,0.19166666666666668,0.1920374707259953,0.22126929674099485,0.06676485027000491,0.016304347826086956,2037
demand_surge,12,1877489225,0.8683068017366136,0.21128798842257598,0.3652496577747557,0.6992391304347827,8,0.003260869565217391,0.33369565217391306,4.090199380002382,0.1825657894736842,0.20783847980997625,0.24398073836276082,0.07380607814761216,0.016956521739130433,2073
demand_surge,13,1496882594,0.8679430535100638,0.20814923907707414,0.2998488228662778,0.6870652173913043,8,0.0010869565217391304,0.29782608695652174,4.062226138554585,0.20376175548589343,0.19640718562874251,0.23049645390070922,0.0662739322533137,0.021630434782608697,2037
demand_surge,14,1016937076,0.8869018849685839,0.1889801836636056,0.31438546416664787,0.6843478260869565,8,0.002173913043478261,0.29347826086956524,3.9385014601472,0.1921875,0.18115942028985507,0.19633943427620631,0.06863218946350894,0.016956521739130433,2069
demand_surge,15,636330445,0.8731521220791607,0.19074868860276586,0.32849467185381803,0.6988043478260869,8,0.002173913043478261,0.3108695652173913,4.0485932176462756,0.1594896331738437,0.21058965102286403,0.19561815336463223,0.05913209346685742,0.018260869565217393,2097
demand_surge,16,255723814,0.8915722030556925,0.17151306062099556,0.2792656605779164,0.6766304347826086,8,0.002173913043478261,0.26956521739130435,3.936684536124397,0.16020236087689713,0.17097170971709716,0.18298555377207062,0.0586495810744209,0.012282608695652173,2029
demand_surge,17,1923261944,0.855232826187183,0.21484555094513602,0.35671228770697805,0.7050000000000001,8,0.004347826086956522,0.33695652173913043,4.044997326942536,0.19129082426127528,0.20622119815668202,0.24924012158054712,0.06408483171968649,0.01608695652173913,2169
demand_surge,18,1542655313,0.8683702989392478,0.20588235294117646,0.38384149516928234,0.7003260869565217,8,0.002173913043478261,0.3391304347826087,4.160305079565737,0.1892744479495268,0.19362745098039216,0.2387820512820513,0.06894889103182257,0.01565217391304348,2074
demand_surge,19,1062709795,0.8722382324687801,0.202209414024976,0.30023731438912254,0.6856521739130435,7,0.0,0.30869565217391304,3.9410570910156455,0.1856,0.20342857142857143,0.218213058419244,0.06676272814601344,0.017065217391304347,2082
demand_surge,20,682103164,0.8751233958538993,0.18460019743336623,0.3427587433402876,0.6797826086956523,8,0.006521739130434782,0.29782608695652174,4.046873506147365,0.1750788643533123,0.18489583333333334,0.19391025641025642,0.051826258637709774,0.01565217391304348,2026
demand_surge,21,202157646,0.8761490082244799,0.19835510401548137,0.3336232188752546,0.7009782608695652,8,0.003260869565217391,0.3108695652173913,4.074196278969483,0.17683881064162754,0.19176470588235295,0.23183391003460208,0.06918238993710692,0.018478260869565215,2067
demand_surge,22,1969034663,0.8843734881470731,0.18384131591678762,0.3557819214607613,0.6940217391304347,7,0.0,0.3184782608695652,4.008982106553403,0.1813953488372093,0.16645807259073842,0.2086677367576244,0.061925495887760036,0.015869565217391305,2067
demand_surge,23,1588428032,0.884634266077565,0.18998527245949925,0.34814223090055835,0.6997826086956522,7,0.0,0.3239130434782609,4.136878939608345,0.2,0.1724137931034483,0.2031496062992126,0.06578301423662249,0.015869565217391305,2037
demand_surge,24,1108482514,0.8615965989607935,0.22201228153046765,0.37838847956379473,0.7050000000000001,8,0.004347826086956522,0.3456521739130435,4.108096310106275,0.20298507462686566,0.21909424724602203,0.24603174603174602,0.07416154936230515,0.020108695652173915,2117
demand_surge,25,727875883,0.8769455252918288,0.19795719844357976,0.28635658090075383,0.6843478260869565,8,0.0010869565217391304,0.2967391304347826,3.9308915024680213,0.17307692307692307,0.211864406779661,0.20462046204620463,0.06712062256809338,0.014891304347826087,2056
demand_surge,26,247930365,0.8723196881091618,0.19298245614035087,0.3574712119811397,0.6881521739130435,8,0.004347826086956522,0.3173913043478261,4.1146541857955095,0.16719745222929935,0.19006211180124225,0.22294022617124395,0.06042884990253411,0.01576086956521739,2052
demand_surge,27,2014807382,0.8968023255813954,0.17054263565891473,0.2818040152772899,0.6941304347826086,8,0.0010869565217391304,0.29891304347826086,3.8872798950451637,0.1724137931034483,0.1721105527638191,0.16638935108153077,0.05910852713178295,0.01608695652173913,2064
demand_surge,28,1534861864,0.8914342629482072,0.18276892430278885,0.32198415782555095,0.6866304347826087,7,0.0,0.3010869565217391,4.01678736394823,0.13851351351351351,0.19851116625310175,0.20491803278688525,0.06623505976095617,0.018152173913043478,2008
demand_surge,29,1154255233,0.8756050338818974,0.19699903194578897,0.3479153514232241,0.6953260869565218,8,0.004347826086956522,0.3130434782608696,4.067495559233485,0.1696,0.19829683698296838,0.22294022617124395,0.06727976766698936,0.014021739130434783,2066
priority_demand_surge,0,537502085,0.8691902252036416,0.2093914710110206,0.3608453019999862,0.6990217391304349,8,0.0010869565217391304,0.35,4.099765537210606,0.24224519940915806,0.20405576679340937,0.18035426731078905,0.07235265931959751,0.01891304347826087,2087
priority_demand_surge,1,156895454,0.8602661596958175,0.21435361216730037,0.4016817546265779,0.7040217391304349,8,0.010869565217391304,0.3858695652173913,4.170832634726029,0.2617960426179604,0.20281359906213364,0.17845117845117844,0.0679657794676806,0.016195652173913045,2104
priority_demand_surge,2,1824433584,0.884871550903901,0.19600380589914368,0.32029398073410614,0.7,8,0.003260869565217391,0.3532608695652174,3.9557447563901014,0.23708206686930092,0.1814859926918392,0.17174959871589085,0.07183634633682208,0.017499999999999998,2102
priority_demand_surge,3,1443826953,0.8588631984585742,0.20616570327552985,0.35929931429247547,0.6996739130434783,8,0.004347826086956522,0.34891304347826085,4.186425074194837,0.27102803738317754,0.18531889290012032,0.16583747927031509,0.057321772639691716,0.017499999999999998,2076
priority_demand_surge,4,963881435,0.8860822189202575,0.19564140663694898,0.3115047899066273,0.6935869565217392,8,0.006521739130434782,0.3032608695652174,4.033452309987225,0.23639455782312926,0.19640718562874251,0.15436241610738255,0.07627538385339278,0.01282608695652174,2019
priority_demand_surge,5,583274804,0.8733496332518338,0.19853300733496332,0.32700725004970166,0.6865217391304348,8,0.004347826086956522,0.32608695652173914,4.068229340527078,0.22168284789644013,0.20771144278606965,0.1637239165329053,0.06699266503667482,0.012717391304347824,2045
priority_demand_surge,6,103329286,0.862475442043222,0.21365422396856582,0.3462474574494468,0.6895652173913045,8,0.006521739130434782,0.3358695652173913,4.153612529745334,0.2621664050235479,0.21204188481675393,0.16692913385826771,0.06925343811394892,0.017499999999999998,2036
priority_demand_surge,7,1870206303,0.8736842105263158,0.1937799043062201,0.3711635638616621,0.7072826086956521,8,0.005434782608695652,0.35434782608695653,4.134120331952463,0.23,0.19662921348314608,0.15333333333333332,0.06124401913875598,0.015869565217391305,2090
priority_demand_surge,8,1489599672,0.8678414096916299,0.20411160058737152,0.32614343767760057,0.6995652173913044,8,0.006521739130434782,0.3358695652173913,4.157400180704668,0.23482428115015974,0.20187793427230047,0.17345132743362832,0.06510034263338228,0.016304347826086956,2043
priority_demand_surge,9,1009654154,0.8776727996021879,0.19293883639980108,0.29261128303529405,0.6803260869565219,8,0.002173913043478261,0.3010869565217391,4.026384037799999,0.23,0.17603911980440098,0.178752107925801,0.06514172053704624,0.017608695652173913,2011
priority_demand_surge,10,629047523,0.8729609490855166,0.20711814137419673,0.3028484880897508,0.6897826086956522,8,0.005434782608695652,0.32065217391304346,4.071703261418591,0.23114754098360657,0.2,0.1926751592356688,0.07612456747404844,0.016630434782608696,2023
priority_demand_surge,11,149102005,0.8625954198473282,0.20658396946564886,0.3997962578930085,0.7023913043478262,8,0.005434782608695652,0.3467391304347826,4.166458555022221,0.2542901716068643,0.21144278606965175,0.15360983102918588,0.06536259541984733,0.013369565217391305,2096
priority_demand_surge,12,1915979022,0.8544487427466151,0.2079303675048356,0.36829496446566673,0.7144565217391304,8,0.0010869565217391304,0.3630434782608696,4.294172606847049,0.2296875,0.21577726218097448,0.17137809187279152,0.058027079303675046,0.01532608695652174,2068
priority_demand_surge,13,1436033504,0.8677403611517813,0.19960956564177648,0.28759756163650674,0.6956521739130435,8,0.002173913043478261,0.30978260869565216,4.081329174414341,0.2222222222222222,0.22515723270440252,0.14308943089430895,0.061005368472425575,0.01652173913043478,2049
priority_demand_surge,14,1055426873,0.8773869346733668,0.19447236180904523,0.2994439563181922,0.6716304347826086,8,0.002173913043478261,0.2967391304347826,4.0311839606126645,0.24521739130434783,0.18901660280970625,0.1550632911392405,0.06281407035175879,0.018695652173913044,1990
priority_demand_surge,15,674820242,0.853916386352715,0.21143680922633348,0.35933422036838647,0.6963043478260871,8,0.005434782608695652,0.36195652173913045,4.143819258700704,0.25990491283676703,0.21256038647342995,0.1607717041800643,0.05958673714560307,0.014782608695652174,2081
priority_demand_surge,16,194874724,0.8876811594202898,0.18685300207039338,0.2704896901425114,0.6819565217391305,8,0.002173913043478261,0.3010869565217391,4.11246117000167,0.2,0.19767441860465115,0.16020236087689713,0.06521739130434782,0.02,1932
priority_demand_surge,17,1961751741,0.871414913957935,0.20411089866156787,0.33269663041409664,0.7047826086956522,8,0.002173913043478261,0.35434782608695653,4.065847923297759,0.2623688155922039,0.19230769230769232,0.15813953488372093,0.06978967495219886,0.01184782608695652,2092
priority_demand_surge,18,1481806223,0.8875855327468231,0.18475073313782991,0.3402416821740146,0.690108695652174,8,0.008695652173913044,0.30543478260869567,4.042292830393749,0.21598639455782312,0.19406674907292953,0.1448382126348228,0.06793743890518084,0.01641304347826087,2046
priority_demand_surge,19,1101199592,0.8835380835380835,0.1783783783783784,0.3338115752508709,0.691304347826087,8,0.0010869565217391304,0.3282608695652174,4.069452005230243,0.23232323232323232,0.16146993318485522,0.14732965009208104,0.05552825552825553,0.014673913043478263,2035
priority_demand_surge,20,621254074,0.8545197740112994,0.2288135593220339,0.41019617126240926,0.7114130434782608,8,0.006521739130434782,0.38804347826086955,4.231546715120602,0.2687022900763359,0.21754385964912282,0.20195439739413681,0.07344632768361582,0.018369565217391304,2124
priority_demand_surge,21,240647443,0.8545712932259593,0.20369493131217434,0.37919724854512266,0.6990217391304346,8,0.007608695652173913,0.34891304347826085,4.13534613008979,0.2684124386252046,0.18867924528301888,0.16257668711656442,0.05116058739933681,0.012934782608695652,2111
priority_demand_surge,22,2007524460,0.8777555110220441,0.187875751503006,0.3075271152341044,0.6868478260869566,8,0.003260869565217391,0.30434782608695654,4.11359544060909,0.21166666666666667,0.1917808219178082,0.15851602023608768,0.061122244488977955,0.012065217391304348,1996
priority_demand_surge,23,1527578942,0.8716447047340166,0.20839433870180576,0.2936008632753286,0.6804347826086956,8,0.003260869565217391,0.2967391304347826,3.9902306798265568,0.23424878836833601,0.20246913580246914,0.19032258064516128,0.07515861395802831,0.015543478260869565,2049
priority_demand_surge,24,1146972311,0.8643734643734644,0.20393120393120392,0.36116200073007787,0.7036956521739132,8,0.004347826086956522,0.3521739130434783,4.211232489017128,0.2696245733788396,0.19554455445544555,0.1544461778471139,0.06191646191646192,0.015217391304347827,2035
priority_demand_surge,25,667026793,0.8923154701718908,0.1789686552072801,0.2923240041491111,0.6777173913043478,8,0.0010869565217391304,0.30978260869565216,4.020270029534592,0.2,0.1806775407779172,0.1552901023890785,0.0621840242669363,0.01934782608695652,1978
priority_demand_surge,26,286420162,0.8494061757719715,0.22422802850356294,0.3371365580648812,0.7003260869565217,8,0.004347826086956522,0.35978260869565215,4.145753491871883,0.2582089552238806,0.22262773722627738,0.18923327895595432,0.0665083135391924,0.021304347826086957,2105
priority_demand_surge,27,2053297179,0.8476983349657199,0.2218413320274241,0.37955422204383915,0.6882608695652175,8,0.006521739130434782,0.35,4.201232305970083,0.27627118644067794,0.2,0.19931271477663232,0.061704211557296766,0.015978260869565216,2042
priority_demand_surge,28,1573351661,0.8584541062801933,0.21256038647342995,0.3608141469403994,0.6884782608695652,8,0.006521739130434782,0.33043478260869563,4.108900975430176,0.2720125786163522,0.1983273596176822,0.16917922948073702,0.0647342995169082,0.01652173913043478,2070
priority_demand_surge,29,1192745030,0.8712487899322362,0.20522749273959343,0.33063851364093577,0.6883695652173912,8,0.003260869565217391,0.3402173913043478,4.0399742477220215,0.24333333333333335,0.2106537530266344,0.1625,0.07115198451113262,0.01173913043478261,2066
